Date ,Close 
14-Jan-10,20.89
15-Jan-10,21.06
18-Jan-10,21.64
19-Jan-10,22.01
20-Jan-10,22.25
21-Jan-10,24.17
22-Jan-10,25.4
25-Jan-10,25.81
27-Jan-10,29.2
28-Jan-10,26.93
29-Jan-10,26.65
01-Feb-10,26.17
02-Feb-10,26.05
03-Feb-10,26.23
04-Feb-10,26.56
05-Feb-10,29.96
06-Feb-10,29.18
08-Feb-10,31.33
09-Feb-10,29.91
10-Feb-10,30.61
11-Feb-10,29.14
15-Feb-10,29.67
16-Feb-10,28.92
17-Feb-10,27.75
18-Feb-10,28.42
19-Feb-10,30.45
22-Feb-10,31.8
23-Feb-10,31.09
24-Feb-10,30.55
25-Feb-10,29.71
26-Feb-10,25.24
02-Mar-10,22.82
03-Mar-10,21.3
04-Mar-10,21.24
05-Mar-10,21
08-Mar-10,20.82
09-Mar-10,20.96
10-Mar-10,20.25
11-Mar-10,20.53
12-Mar-10,19.82
15-Mar-10,20.43
16-Mar-10,20.17
17-Mar-10,19.04
18-Mar-10,19.26
19-Mar-10,18.94
22-Mar-10,20.21
23-Mar-10,18.42
25-Mar-10,17.84
26-Mar-10,18.23
29-Mar-10,19.48
30-Mar-10,19.9
31-Mar-10,19.83
01-Apr-10,18.09
05-Apr-10,17.5
06-Apr-10,17.3
07-Apr-10,17.5
08-Apr-10,19.58
09-Apr-10,18.6
12-Apr-10,19.97
13-Apr-10,20.1
15-Apr-10,21.43
16-Apr-10,21.63
19-Apr-10,22.72
20-Apr-10,20.82
21-Apr-10,19.78
22-Apr-10,20.53
23-Apr-10,20.35
26-Apr-10,19.82
27-Apr-10,19.82
28-Apr-10,22.73
29-Apr-10,21.09
30-Apr-10,20.29
03-May-10,22.11
04-May-10,23.7
05-May-10,24.85
06-May-10,24.23
07-May-10,27.31
10-May-10,25.62
11-May-10,25.59
12-May-10,25.69
13-May-10,24.54
14-May-10,26.18
17-May-10,26.93
18-May-10,26.43
19-May-10,29.99
20-May-10,30.04
21-May-10,31.27
24-May-10,30.84
25-May-10,34.37
26-May-10,32.29
27-May-10,29.62
28-May-10,26.22
31-May-10,26.43
01-Jun-10,28.6
02-Jun-10,28.06
03-Jun-10,25.4
04-Jun-10,25.02
07-Jun-10,28.27
08-Jun-10,28.79
09-Jun-10,28.09
10-Jun-10,26.73
11-Jun-10,25.06
14-Jun-10,23.23
15-Jun-10,21.95
16-Jun-10,22.22
17-Jun-10,21.66
18-Jun-10,20.52
21-Jun-10,19.91
22-Jun-10,20.58
23-Jun-10,20.3
24-Jun-10,19.81
25-Jun-10,20.19
28-Jun-10,19.71
29-Jun-10,20.68
30-Jun-10,21.11
01-Jul-10,21.74
02-Jul-10,21.89
05-Jul-10,21.98
06-Jul-10,20.9
07-Jul-10,22.11
08-Jul-10,21.15
09-Jul-10,20.22
12-Jul-10,19.9
13-Jul-10,19.12
14-Jul-10,20.07
15-Jul-10,20.11
16-Jul-10,19.7
19-Jul-10,20.71
20-Jul-10,20.38
21-Jul-10,20
22-Jul-10,18.9
23-Jul-10,19.24
26-Jul-10,19.97
27-Jul-10,19.22
28-Jul-10,19.52
29-Jul-10,18.33
30-Jul-10,18.94
02-Aug-10,17.99
03-Aug-10,17.55
04-Aug-10,17.04
05-Aug-10,17.71
06-Aug-10,17.37
09-Aug-10,17
10-Aug-10,17.33
11-Aug-10,18.11
12-Aug-10,18
13-Aug-10,16.74
16-Aug-10,18.11
17-Aug-10,17.63
18-Aug-10,16.4
19-Aug-10,16.53
20-Aug-10,16.7
23-Aug-10,17.14
24-Aug-10,16.99
25-Aug-10,18.92
26-Aug-10,17.09
27-Aug-10,19.63
30-Aug-10,18.36
31-Aug-10,18.47
01-Sep-10,16.7
02-Sep-10,16.15
03-Sep-10,15.86
06-Sep-10,15.22
07-Sep-10,15.83
08-Sep-10,15.97
09-Sep-10,15.92
13-Sep-10,18.14
14-Sep-10,18.6
15-Sep-10,19.43
16-Sep-10,18.85
17-Sep-10,19.49
20-Sep-10,21.95
21-Sep-10,22.63
22-Sep-10,24.29
23-Sep-10,23.9
24-Sep-10,21.71
27-Sep-10,22.36
28-Sep-10,21.21
29-Sep-10,22.16
30-Sep-10,22.25
01-Oct-10,21.43
04-Oct-10,22.8
05-Oct-10,22.17
06-Oct-10,21.73
07-Oct-10,22.45
08-Oct-10,21.4
11-Oct-10,21.2
12-Oct-10,20.51
13-Oct-10,20.02
14-Oct-10,20.6
15-Oct-10,22.65
18-Oct-10,22.35
19-Oct-10,23.23
20-Oct-10,23.8
21-Oct-10,22.19
22-Oct-10,21.61
25-Oct-10,21.36
26-Oct-10,20.55
27-Oct-10,21.02
28-Oct-10,20.52
29-Oct-10,20.76
01-Nov-10,20.92
02-Nov-10,21.25
03-Nov-10,21.53
04-Nov-10,19.36
05-Nov-10,19.22
08-Nov-10,19.61
09-Nov-10,18.75
10-Nov-10,19.08
11-Nov-10,19.36
12-Nov-10,21.63
15-Nov-10,20.25
16-Nov-10,21.13
18-Nov-10,20.62
19-Nov-10,21.6
22-Nov-10,19.93
23-Nov-10,23.26
24-Nov-10,24.68
25-Nov-10,21.63
26-Nov-10,22.58
29-Nov-10,21.31
30-Nov-10,20.71
01-Dec-10,19.2
02-Dec-10,18.8
03-Dec-10,18.6
06-Dec-10,19.37
07-Dec-10,19.24
08-Dec-10,20.43
09-Dec-10,22.6
10-Dec-10,21.63
13-Dec-10,22.57
14-Dec-10,21.46
15-Dec-10,21.42
16-Dec-10,20.24
20-Dec-10,20.78
21-Dec-10,19.77
22-Dec-10,19.56
23-Dec-10,19.03
24-Dec-10,17.65
27-Dec-10,18.45
28-Dec-10,18.13
29-Dec-10,17.13
30-Dec-10,17.02
31-Dec-10,16.56
06-Jan-11,18.2
07-Jan-11,20.82
10-Jan-11,23.16
11-Jan-11,22.33
12-Jan-11,21.41
13-Jan-11,23.15
14-Jan-11,23.81
17-Jan-11,23.57
18-Jan-11,21.46
19-Jan-11,21.09
20-Jan-11,21.01
21-Jan-11,21.03
24-Jan-11,20.17
25-Jan-11,20.78
27-Jan-11,22.09
28-Jan-11,22.58
31-Jan-11,23.41
01-Feb-11,23.73
02-Feb-11,23.52
03-Feb-11,22.69
04-Feb-11,24.41
07-Feb-11,24.69
08-Feb-11,24.74
09-Feb-11,25.24
10-Feb-11,24.82
11-Feb-11,23.47
14-Feb-11,22.58
15-Feb-11,22.85
16-Feb-11,23.05
17-Feb-11,22.57
18-Feb-11,24.18
21-Feb-11,24.91
22-Feb-11,26.85
23-Feb-11,26.55
24-Feb-11,28.2
25-Feb-11,27.27
28-Feb-11,24.4
01-Mar-11,22.22
03-Mar-11,22.96
04-Mar-11,22.91
07-Mar-11,25.22
08-Mar-11,23.67
09-Mar-11,23.28
10-Mar-11,23.53
11-Mar-11,24.13
14-Mar-11,23.3
15-Mar-11,26.63
16-Mar-11,24.89
17-Mar-11,25.26
18-Mar-11,25.89
21-Mar-11,25.21
22-Mar-11,22.26
23-Mar-11,20.97
24-Mar-11,19.84
25-Mar-11,20.47
28-Mar-11,21.02
29-Mar-11,21.22
30-Mar-11,22.04
31-Mar-11,22.18
01-Apr-11,20.11
04-Apr-11,20.06
05-Apr-11,19.9
06-Apr-11,20.36
07-Apr-11,20.32
08-Apr-11,20.54
11-Apr-11,21.24
13-Apr-11,20.41
15-Apr-11,21.59
18-Apr-11,22.45
19-Apr-11,22.07
20-Apr-11,20.99
21-Apr-11,20.51
25-Apr-11,20.91
26-Apr-11,21.71
27-Apr-11,21.35
28-Apr-11,20.92
29-Apr-11,19.58
02-May-11,20.88
03-May-11,21.58
04-May-11,21.18
05-May-11,21.6
06-May-11,20.97
09-May-11,21.5
10-May-11,21.74
11-May-11,21.24
12-May-11,21.23
13-May-11,20.63
16-May-11,21.46
17-May-11,21.03
18-May-11,20.71
19-May-11,20.41
20-May-11,19.45
23-May-11,21.04
24-May-11,19.93
25-May-11,20.66
26-May-11,19.18
27-May-11,17.25
30-May-11,17.87
31-May-11,16.82
01-Jun-11,16.73
02-Jun-11,17.98
03-Jun-11,17.61
06-Jun-11,18.21
07-Jun-11,18.03
08-Jun-11,18.58
09-Jun-11,18.58
10-Jun-11,18.54
13-Jun-11,18.91
14-Jun-11,18.51
15-Jun-11,19.14
16-Jun-11,19.66
17-Jun-11,20.27
20-Jun-11,22.18
21-Jun-11,21.31
22-Jun-11,20.89
23-Jun-11,19.5
24-Jun-11,19.32
27-Jun-11,19.99
28-Jun-11,19.49
29-Jun-11,19.46
30-Jun-11,18.41
01-Jul-11,18.21
04-Jul-11,18.17
05-Jul-11,18.25
06-Jul-11,18.34
07-Jul-11,18.62
08-Jul-11,18.67
11-Jul-11,19.69
12-Jul-11,20.83
13-Jul-11,19.52
14-Jul-11,19.97
15-Jul-11,19.95
18-Jul-11,20.2
19-Jul-11,19.25
20-Jul-11,19.11
21-Jul-11,18.75
22-Jul-11,17.91
25-Jul-11,19.2
26-Jul-11,19.3
27-Jul-11,18.25
28-Jul-11,18.51
29-Jul-11,19.77
01-Aug-11,18.78
02-Aug-11,19.15
03-Aug-11,19.48
04-Aug-11,20.22
05-Aug-11,24.9
08-Aug-11,28.78
09-Aug-11,34.88
10-Aug-11,28.95
11-Aug-11,29.09
12-Aug-11,27.02
16-Aug-11,26.46
17-Aug-11,25.48
18-Aug-11,27.45
19-Aug-11,29.19
22-Aug-11,27.08
23-Aug-11,25.92
24-Aug-11,28.6
25-Aug-11,27.94
26-Aug-11,33.26
29-Aug-11,26.07
30-Aug-11,24.88
02-Sep-11,26.09
05-Sep-11,27.83
06-Sep-11,28.66
07-Sep-11,27.86
08-Sep-11,27.64
09-Sep-11,28.15
12-Sep-11,32.75
13-Sep-11,32.77
14-Sep-11,32.45
15-Sep-11,30.79
16-Sep-11,28.45
19-Sep-11,29.6
20-Sep-11,27.25
21-Sep-11,27.67
22-Sep-11,33.88
23-Sep-11,35.16
26-Sep-11,35.43
27-Sep-11,32.01
28-Sep-11,32
29-Sep-11,31.07
30-Sep-11,31.94
03-Oct-11,35.07
04-Oct-11,37.19
05-Oct-11,35.37
07-Oct-11,33.02
10-Oct-11,30.03
11-Oct-11,30.3
12-Oct-11,28.41
13-Oct-11,28.24
14-Oct-11,25.98
17-Oct-11,25.43
18-Oct-11,25.9
19-Oct-11,24.05
20-Oct-11,25.6
21-Oct-11,26.3
24-Oct-11,25.22
25-Oct-11,22.31
26-Oct-11,22.69
28-Oct-11,20.89
31-Oct-11,22.66
01-Nov-11,24.02
02-Nov-11,24.89
03-Nov-11,24.66
04-Nov-11,23.43
08-Nov-11,23.71
09-Nov-11,24.3
11-Nov-11,24.74
14-Nov-11,25.29
15-Nov-11,25.97
16-Nov-11,25.04
17-Nov-11,26.92
18-Nov-11,26.58
21-Nov-11,28.61
22-Nov-11,27.35
23-Nov-11,30.68
24-Nov-11,27.95
25-Nov-11,29.12
28-Nov-11,26.64
29-Nov-11,26.87
30-Nov-11,26.55
01-Dec-11,25.02
02-Dec-11,23.99
05-Dec-11,25.02
07-Dec-11,26.46
08-Dec-11,28.58
09-Dec-11,29.53
12-Dec-11,29.27
13-Dec-11,28.11
14-Dec-11,28.79
15-Dec-11,28.81
16-Dec-11,29.69
19-Dec-11,30.58
20-Dec-11,30.53
21-Dec-11,27.53
22-Dec-11,26.84
23-Dec-11,27.39
26-Dec-11,26.6
27-Dec-11,26.29
28-Dec-11,26.74
29-Dec-11,26.62
30-Dec-11,27.11
10-Jan-12,24
11-Jan-12,24.54
12-Jan-12,24.03
13-Jan-12,23.48
16-Jan-12,24.07
17-Jan-12,22.61
18-Jan-12,22.68
19-Jan-12,21.68
20-Jan-12,21.96
23-Jan-12,22.14
24-Jan-12,21.42
25-Jan-12,21.02
27-Jan-12,21.7
30-Jan-12,23.46
31-Jan-12,22.66
01-Feb-12,22.89
02-Feb-12,23.69
03-Feb-12,24.09
06-Feb-12,24.62
07-Feb-12,24.91
08-Feb-12,24.27
09-Feb-12,23.3
10-Feb-12,23.83
13-Feb-12,23.71
14-Feb-12,22.71
15-Feb-12,22.1
16-Feb-12,23.33
17-Feb-12,24.18
21-Feb-12,26.25
22-Feb-12,26.8
23-Feb-12,24.33
24-Feb-12,24.82
27-Feb-12,27.38
28-Feb-12,25.85
29-Feb-12,26.93
01-Mar-12,27.67
02-Mar-12,27.84
03-Mar-12,28.2
05-Mar-12,28.92
06-Mar-12,27.34
07-Mar-12,26.33
09-Mar-12,25.47
12-Mar-12,26.27
13-Mar-12,24.75
14-Mar-12,24.72
15-Mar-12,25.42
16-Mar-12,23.13
19-Mar-12,22.97
20-Mar-12,21.94
21-Mar-12,21
22-Mar-12,24.77
23-Mar-12,23.34
26-Mar-12,26.74
27-Mar-12,25.05
28-Mar-12,24.87
29-Mar-12,24.33
30-Mar-12,22.38
02-Apr-12,20.88
03-Apr-12,20.01
04-Apr-12,20.63
09-Apr-12,22.33
10-Apr-12,21.92
11-Apr-12,22.29
12-Apr-12,21.78
13-Apr-12,22.75
16-Apr-12,22.23
17-Apr-12,20.31
18-Apr-12,20.03
19-Apr-12,19.35
20-Apr-12,20.09
23-Apr-12,21.57
24-Apr-12,19.25
25-Apr-12,18.94
26-Apr-12,18.74
27-Apr-12,17.89
28-Apr-12,17.61
30-Apr-12,17.82
02-May-12,18.54
03-May-12,19.25
04-May-12,21.12
07-May-12,20.22
08-May-12,22.16
09-May-12,23.04
10-May-12,22.72
11-May-12,22.48
14-May-12,23.26
15-May-12,22.28
16-May-12,23.71
17-May-12,23.59
18-May-12,23.55
21-May-12,23.92
22-May-12,24.39
23-May-12,27.13
24-May-12,25.49
25-May-12,25.14
28-May-12,23.68
29-May-12,24.03
30-May-12,25.3
31-May-12,25.25
01-Jun-12,26.77
04-Jun-12,25.6
05-Jun-12,26.26
06-Jun-12,24.9
07-Jun-12,23.64
08-Jun-12,23.47
11-Jun-12,25.02
12-Jun-12,24.2
13-Jun-12,24.36
14-Jun-12,25.71
15-Jun-12,25.54
18-Jun-12,22.6
19-Jun-12,21.43
20-Jun-12,21.03
21-Jun-12,19.94
22-Jun-12,20.58
25-Jun-12,21.57
26-Jun-12,20.23
27-Jun-12,20.37
28-Jun-12,20.62
29-Jun-12,19.08
02-Jul-12,19.01
03-Jul-12,18.56
04-Jul-12,18.27
05-Jul-12,18.35
06-Jul-12,18.04
09-Jul-12,18.72
10-Jul-12,17.83
11-Jul-12,18.39
12-Jul-12,18.71
13-Jul-12,18.26
16-Jul-12,18.77
17-Jul-12,17.78
18-Jul-12,17.44
19-Jul-12,16.38
20-Jul-12,16.89
23-Jul-12,18.66
24-Jul-12,16.97
25-Jul-12,16.75
26-Jul-12,16.37
27-Jul-12,16.44
30-Jul-12,16.6
31-Jul-12,16.01
01-Aug-12,16.45
02-Aug-12,16.77
03-Aug-12,16.12
06-Aug-12,16.22
07-Aug-12,16.21
08-Aug-12,16.37
09-Aug-12,16.33
10-Aug-12,16.07
13-Aug-12,16.01
14-Aug-12,15.64
16-Aug-12,15.69
17-Aug-12,15.73
21-Aug-12,16.3
22-Aug-12,16
23-Aug-12,16.12
24-Aug-12,16.16
27-Aug-12,16.47
28-Aug-12,16.35
29-Aug-12,16.74
30-Aug-12,16.67
31-Aug-12,17.3
03-Sep-12,17.28
04-Sep-12,16.59
05-Sep-12,17.01
06-Sep-12,16.98
07-Sep-12,15.26
08-Sep-12,14.76
10-Sep-12,15.27
11-Sep-12,15.38
12-Sep-12,15.04
13-Sep-12,15.67
14-Sep-12,15.38
17-Sep-12,17.78
18-Sep-12,17.83
20-Sep-12,18.62
21-Sep-12,18.93
24-Sep-12,18.83
25-Sep-12,17.11
26-Sep-12,16.97
27-Sep-12,16.91
28-Sep-12,16.16
01-Oct-12,16.34
03-Oct-12,16.5
04-Oct-12,16.44
05-Oct-12,16.78
08-Oct-12,17.17
09-Oct-12,16.8
10-Oct-12,16.83
11-Oct-12,16.49
12-Oct-12,16.49
15-Oct-12,15.9
16-Oct-12,15.57
17-Oct-12,15.17
18-Oct-12,14.76
19-Oct-12,14.54
22-Oct-12,13.04
23-Oct-12,13.71
25-Oct-12,13.52
26-Oct-12,14.21
29-Oct-12,15.12
30-Oct-12,15.17
31-Oct-12,14.4
01-Nov-12,14.08
02-Nov-12,13.66
05-Nov-12,14.63
06-Nov-12,15.21
07-Nov-12,14.51
08-Nov-12,14.22
09-Nov-12,14.37
12-Nov-12,14.86
13-Nov-12,14.91
15-Nov-12,15.53
16-Nov-12,16.22
19-Nov-12,16.68
20-Nov-12,15.81
21-Nov-12,15.46
22-Nov-12,14.91
23-Nov-12,14.68
26-Nov-12,14.67
27-Nov-12,13.96
29-Nov-12,15.37
30-Nov-12,15.15
03-Dec-12,15.62
04-Dec-12,15.91
05-Dec-12,16.62
06-Dec-12,15.24
07-Dec-12,14.96
10-Dec-12,14.51
11-Dec-12,14.67
12-Dec-12,14.51
13-Dec-12,14.71
14-Dec-12,14.23
17-Dec-12,14.92
18-Dec-12,14.44
19-Dec-12,14.47
20-Dec-12,14.32
21-Dec-12,14.63
24-Dec-12,14.49
26-Dec-12,14.1
27-Dec-12,13.74
28-Dec-12,13.63
31-Dec-12,14.95
09-Jan-13,13.32
10-Jan-13,13.27
11-Jan-13,13.23
14-Jan-13,13.7
15-Jan-13,13.58
16-Jan-13,13.99
17-Jan-13,14.01
18-Jan-13,13.89
21-Jan-13,13.66
22-Jan-13,13.89
23-Jan-13,13.67
24-Jan-13,14.46
25-Jan-13,14.77
28-Jan-13,15.17
29-Jan-13,14.47
30-Jan-13,14.38
31-Jan-13,14.13
01-Feb-13,13.76
04-Feb-13,14.34
05-Feb-13,14.61
06-Feb-13,14.26
07-Feb-13,14.89
08-Feb-13,15.16
11-Feb-13,15.65
12-Feb-13,15.31
13-Feb-13,15.14
14-Feb-13,15.09
15-Feb-13,15.24
18-Feb-13,16.29
19-Feb-13,15.81
20-Feb-13,15.6
21-Feb-13,16.94
22-Feb-13,16.79
25-Feb-13,16.73
26-Feb-13,17.36
27-Feb-13,16.23
28-Feb-13,14.86
01-Mar-13,14.06
04-Mar-13,13.67
05-Mar-13,13.39
06-Mar-13,13.4
07-Mar-13,13.07
08-Mar-13,13.34
11-Mar-13,14.25
12-Mar-13,15.13
13-Mar-13,16.2
14-Mar-13,14.66
15-Mar-13,15.16
18-Mar-13,15.85
19-Mar-13,16.71
20-Mar-13,16.66
21-Mar-13,16.51
22-Mar-13,15.54
25-Mar-13,16.36
26-Mar-13,15.8
28-Mar-13,15.22
01-Apr-13,14.85
02-Apr-13,14.1
03-Apr-13,14.87
04-Apr-13,15.85
05-Apr-13,16.16
08-Apr-13,16.77
09-Apr-13,16.82
10-Apr-13,16.49
11-Apr-13,16.97
12-Apr-13,16.45
15-Apr-13,16.61
16-Apr-13,16.25
17-Apr-13,16.36
18-Apr-13,15.36
22-Apr-13,16.22
23-Apr-13,15.07
25-Apr-13,14.2
26-Apr-13,13.88
29-Apr-13,14.33
30-Apr-13,15.1
02-May-13,16.28
03-May-13,15.55
06-May-13,15.84
07-May-13,16.5
08-May-13,16.76
09-May-13,16.6
10-May-13,16.86
11-May-13,16.84
13-May-13,17.51
14-May-13,17.17
15-May-13,18.13
16-May-13,17.74
17-May-13,17.57
20-May-13,17.71
21-May-13,17.88
22-May-13,17.72
23-May-13,18.73
24-May-13,17.7
27-May-13,17.03
28-May-13,17.12
29-May-13,17.86
30-May-13,16.04
31-May-13,16.99
03-Jun-13,17.29
04-Jun-13,17.26
05-Jun-13,16.78
06-Jun-13,17.35
07-Jun-13,17.35
10-Jun-13,18.11
11-Jun-13,19.49
12-Jun-13,18.85
13-Jun-13,19.44
14-Jun-13,18.35
17-Jun-13,18.18
18-Jun-13,18.29
19-Jun-13,18.46
20-Jun-13,19.19
21-Jun-13,19.03
24-Jun-13,21.01
25-Jun-13,21.14
26-Jun-13,21.07
27-Jun-13,18.85
28-Jun-13,17.95
01-Jul-13,18.09
02-Jul-13,18.21
03-Jul-13,18.91
04-Jul-13,18.58
05-Jul-13,18.67
08-Jul-13,19.34
09-Jul-13,19.32
10-Jul-13,19.98
11-Jul-13,18.89
12-Jul-13,18.69
15-Jul-13,18.79
16-Jul-13,18.99
17-Jul-13,19.36
18-Jul-13,18.27
19-Jul-13,18.13
22-Jul-13,17.63
23-Jul-13,16.72
24-Jul-13,16.91
25-Jul-13,16.72
26-Jul-13,16.78
29-Jul-13,18.25
30-Jul-13,18.12
31-Jul-13,18.77
01-Aug-13,19.81
02-Aug-13,20.89
05-Aug-13,20.8
06-Aug-13,22.73
07-Aug-13,22.04
08-Aug-13,21.19
12-Aug-13,21.28
13-Aug-13,19.26
14-Aug-13,18.7
16-Aug-13,23.64
19-Aug-13,25.59
20-Aug-13,27.23
21-Aug-13,28.09
22-Aug-13,27.68
23-Aug-13,25.75
26-Aug-13,26.38
27-Aug-13,29.42
28-Aug-13,32.38
29-Aug-13,29.41
30-Aug-13,27.81
02-Sep-13,27.55
03-Sep-13,32.49
04-Sep-13,31.11
05-Sep-13,28.53
06-Sep-13,28.65
10-Sep-13,29.44
11-Sep-13,29.75
12-Sep-13,29.71
13-Sep-13,28.29
16-Sep-13,28.82
17-Sep-13,27.93
18-Sep-13,27.69
19-Sep-13,24.5
20-Sep-13,24.73
23-Sep-13,27.02
24-Sep-13,26.72
25-Sep-13,25.68
26-Sep-13,24
27-Sep-13,24.06
30-Sep-13,26.65
01-Oct-13,25.77
03-Oct-13,25.17
04-Oct-13,26.13
07-Oct-13,26.83
08-Oct-13,26.55
09-Oct-13,25.87
10-Oct-13,25.88
11-Oct-13,23.59
14-Oct-13,22.85
15-Oct-13,23.24
17-Oct-13,21.06
18-Oct-13,20.12
21-Oct-13,20.18
22-Oct-13,19.96
23-Oct-13,20.35
24-Oct-13,20.64
25-Oct-13,20.42
28-Oct-13,21.29
29-Oct-13,19.76
30-Oct-13,19.53
31-Oct-13,18.39
01-Nov-13,18.64
03-Nov-13,19.49
05-Nov-13,19.94
06-Nov-13,20.25
07-Nov-13,19.87
08-Nov-13,19.64
11-Nov-13,19.98
12-Nov-13,20.86
13-Nov-13,20.45
14-Nov-13,19.26
18-Nov-13,18.82
19-Nov-13,19.3
20-Nov-13,20.83
21-Nov-13,21.14
22-Nov-13,20.04
25-Nov-13,21.05
26-Nov-13,21.59
27-Nov-13,21.14
28-Nov-13,20.71
29-Nov-13,21.38
02-Dec-13,23.36
03-Dec-13,24.72
04-Dec-13,23.71
05-Dec-13,21.68
06-Dec-13,22.21
09-Dec-13,19.16
10-Dec-13,17.98
11-Dec-13,17.54
12-Dec-13,17.74
13-Dec-13,17.84
16-Dec-13,18.36
17-Dec-13,18.33
18-Dec-13,17.54
19-Dec-13,16.58
20-Dec-13,16.02
23-Dec-13,16.26
24-Dec-13,15.58
26-Dec-13,14.88
27-Dec-13,14.66
30-Dec-13,15.08
31-Dec-13,15.12
01-Jan-14,15.58
02-Jan-14,16.55
03-Jan-14,15.87
06-Jan-14,16.5
07-Jan-14,16.32
08-Jan-14,16.32
09-Jan-14,16.18
10-Jan-14,15.58
13-Jan-14,15.95
14-Jan-14,15.74
15-Jan-14,15.42
16-Jan-14,15.54
17-Jan-14,15.41
20-Jan-14,15.35
21-Jan-14,15.55
22-Jan-14,15.85
23-Jan-14,15.58
24-Jan-14,15.83
27-Jan-14,18.67
28-Jan-14,17.72
29-Jan-14,18.04
30-Jan-14,17.25
31-Jan-14,16.82
03-Feb-14,18.27
04-Feb-14,18.69
05-Feb-14,18.93
06-Feb-14,18.94
07-Feb-14,18.55
10-Feb-14,19.05
11-Feb-14,18.63
12-Feb-14,17.43
13-Feb-14,17.8
14-Feb-14,16.66
17-Feb-14,15.83
18-Feb-14,15.41
19-Feb-14,15.07
20-Feb-14,15.16
21-Feb-14,14.04
24-Feb-14,14.3575
25-Feb-14,13.95
26-Feb-14,13.955
28-Feb-14,14.1775
03-Mar-14,15.2825
04-Mar-14,14.3925
05-Mar-14,13.8425
06-Mar-14,14.475
07-Mar-14,16.72
10-Mar-14,17.7775
11-Mar-14,17.325
12-Mar-14,17.04
13-Mar-14,16.82
14-Mar-14,16.4475
18-Mar-14,17.1275
19-Mar-14,16.8825
20-Mar-14,16.91
21-Mar-14,16.185
22-Mar-14,15.875
24-Mar-14,16.5375
25-Mar-14,16.92
26-Mar-14,17.765
27-Mar-14,18.3725
28-Mar-14,18.63
31-Mar-14,21.6225
01-Apr-14,20.685
02-Apr-14,21.2125
03-Apr-14,22.1075
04-Apr-14,22.6875
07-Apr-14,24.9525
09-Apr-14,26.9125
10-Apr-14,28.7175
11-Apr-14,29.185
15-Apr-14,31.875
16-Apr-14,31.16
17-Apr-14,30.8525
21-Apr-14,34.385
22-Apr-14,33.355
23-Apr-14,31.1325
25-Apr-14,30.68
28-Apr-14,31.385
29-Apr-14,31.05
30-Apr-14,30.5925
02-May-14,33.055
05-May-14,34.1875
06-May-14,33.2675
07-May-14,33.6125
08-May-14,34.3
09-May-14,37.705
12-May-14,37.105
13-May-14,32.0475
14-May-14,32.42
15-May-14,36.765
16-May-14,24.2925
19-May-14,20.63
20-May-14,19.2325
21-May-14,17.91
22-May-14,17.835
23-May-14,17.705
26-May-14,19.84
27-May-14,19.1
28-May-14,17.5575
29-May-14,16.69
30-May-14,16.335
02-Jun-14,16.4975
03-Jun-14,15.795
04-Jun-14,15.565
05-Jun-14,15.4475
06-Jun-14,15.9825
09-Jun-14,17.095
10-Jun-14,16.6625
11-Jun-14,17.06
12-Jun-14,16.9025
13-Jun-14,17.7625
16-Jun-14,17.9825
17-Jun-14,17.695
18-Jun-14,18.58
19-Jun-14,18.7425
20-Jun-14,18.8475
23-Jun-14,18.9625
24-Jun-14,19.1875
25-Jun-14,18.3125
26-Jun-14,17.7025
27-Jun-14,17.6275
30-Jun-14,17.8725
01-Jul-14,17.6625
02-Jul-14,17.57
03-Jul-14,17.805
04-Jul-14,18.155
07-Jul-14,19.4075
08-Jul-14,19.18
09-Jul-14,18.1875
10-Jul-14,15.965
11-Jul-14,15.7225
14-Jul-14,15.5625
15-Jul-14,14.7675
16-Jul-14,14.73
17-Jul-14,14.965
18-Jul-14,15.095
21-Jul-14,14.8975
22-Jul-14,14.64
23-Jul-14,14.69
24-Jul-14,14.72
25-Jul-14,14.22
28-Jul-14,14.3225
30-Jul-14,13.8875
31-Jul-14,13.8225
01-Aug-14,15.22
04-Aug-14,14.815
05-Aug-14,13.9475
06-Aug-14,14.2975
07-Aug-14,14.1375
08-Aug-14,14.6175
11-Aug-14,13.9975
12-Aug-14,13.4675
13-Aug-14,13.7625
14-Aug-14,13.22
18-Aug-14,13.5025
19-Aug-14,13.905
20-Aug-14,13.66
21-Aug-14,13.7325
22-Aug-14,13.62
25-Aug-14,13.7875
26-Aug-14,13.9025
27-Aug-14,13.0625
28-Aug-14,13.0675
01-Sep-14,13.53
02-Sep-14,13.4475
03-Sep-14,13.3925
04-Sep-14,13.0775
05-Sep-14,12.935
08-Sep-14,12.7925
09-Sep-14,12.7575
10-Sep-14,12.93
11-Sep-14,12.5175
12-Sep-14,12.365
15-Sep-14,13.255
16-Sep-14,13.2825
17-Sep-14,12.9475
18-Sep-14,12.325
19-Sep-14,11.8875
22-Sep-14,11.565
23-Sep-14,12.41
24-Sep-14,12.535
25-Sep-14,13.2975
26-Sep-14,12.9275
29-Sep-14,13.385
30-Sep-14,13.145
01-Oct-14,13
07-Oct-14,14.4625
08-Oct-14,14.1125
09-Oct-14,13.155
10-Oct-14,14.33
13-Oct-14,14.5
14-Oct-14,14.5925
16-Oct-14,16.4325
17-Oct-14,16.4
20-Oct-14,14.19
21-Oct-14,13.33
22-Oct-14,13.03
23-Oct-14,12.8625
27-Oct-14,13.515
28-Oct-14,13.3225
29-Oct-14,13.005
30-Oct-14,13.265
31-Oct-14,13.295
03-Nov-14,13.7375
05-Nov-14,13.755
07-Nov-14,14.11
10-Nov-14,13.93
11-Nov-14,14.8
12-Nov-14,14.435
13-Nov-14,13.8
14-Nov-14,13.9725
17-Nov-14,14.41
18-Nov-14,14.065
19-Nov-14,14.345
20-Nov-14,14.165
21-Nov-14,13.8525
24-Nov-14,13.0175
25-Nov-14,13.525
26-Nov-14,12.985
27-Nov-14,12.7425
28-Nov-14,12.8975
01-Dec-14,13.2025
02-Dec-14,12.395
03-Dec-14,12.3675
04-Dec-14,12.445
05-Dec-14,11.95
08-Dec-14,12.2075
09-Dec-14,12.495
10-Dec-14,12.2425
11-Dec-14,12.7725
12-Dec-14,13.7525
15-Dec-14,14.02
16-Dec-14,16.3075
17-Dec-14,16.925
18-Dec-14,14.5975
19-Dec-14,14.51
22-Dec-14,14.21
23-Dec-14,15.2975
24-Dec-14,15.07
26-Dec-14,14.645
29-Dec-14,14.5825
30-Dec-14,14.8625
31-Dec-14,15.12
07-Jan-15,18.14
08-Jan-15,16.4725
09-Jan-15,15.955
12-Jan-15,16.11
13-Jan-15,16.4825
14-Jan-15,17.2475
15-Jan-15,16.16
16-Jan-15,17.275
19-Jan-15,17.65
20-Jan-15,17.2725
21-Jan-15,17.7125
22-Jan-15,18.565
23-Jan-15,17.885
27-Jan-15,18.085
28-Jan-15,19.77
29-Jan-15,19.4325
30-Jan-15,20.1725
02-Feb-15,20.405
03-Feb-15,19.8075
04-Feb-15,20.05
05-Feb-15,20.615
06-Feb-15,20.685
09-Feb-15,22.015
10-Feb-15,21.1925
11-Feb-15,20.5025
12-Feb-15,20.1575
13-Feb-15,20.1025
16-Feb-15,20.825
18-Feb-15,20.9125
19-Feb-15,20.3975
20-Feb-15,21.2675
23-Feb-15,21.6325
24-Feb-15,21.55
25-Feb-15,20.775
26-Feb-15,20.58
27-Feb-15,19.57
28-Feb-15,16.97
02-Mar-15,15.8475
03-Mar-15,15.4925
04-Mar-15,15.1975
05-Mar-15,14.4375
09-Mar-15,15.8125
10-Mar-15,15.5325
11-Mar-15,15.13
12-Mar-15,14.75
13-Mar-15,14.965
16-Mar-15,15.1775
17-Mar-15,15.1275
18-Mar-15,15.5125
19-Mar-15,15.1975
20-Mar-15,14.26
23-Mar-15,14.27
24-Mar-15,13.6725
25-Mar-15,13.1425
26-Mar-15,15.1625
27-Mar-15,14.5
30-Mar-15,14.2625
31-Mar-15,14.4925
01-Apr-15,13.665
06-Apr-15,14.5725
07-Apr-15,14.25
08-Apr-15,14.3475
09-Apr-15,14.4175
10-Apr-15,14.255
13-Apr-15,14.4875
15-Apr-15,14.62
16-Apr-15,14.95
17-Apr-15,15.04
20-Apr-15,16.2975
21-Apr-15,17.03
22-Apr-15,17.21
23-Apr-15,18.5
24-Apr-15,19.105
27-Apr-15,18.735
28-Apr-15,17.41
29-Apr-15,17.235
30-Apr-15,17.225
04-May-15,17.3075
05-May-15,17.365
06-May-15,19.67
07-May-15,19.65
08-May-15,19.11
11-May-15,18.625
12-May-15,20.545
13-May-15,20.685
14-May-15,20.7
15-May-15,19.815
18-May-15,17.9025
19-May-15,18.27
20-May-15,17.7175
21-May-15,17.4125
22-May-15,16.9475
25-May-15,16.9325
26-May-15,17.0675
27-May-15,17.2825
28-May-15,17.1325
29-May-15,16.6575
01-Jun-15,16.9125
02-Jun-15,16.82
03-Jun-15,17.505
04-Jun-15,18.1225
05-Jun-15,18.0875
08-Jun-15,18.885
09-Jun-15,18.01
10-Jun-15,17.0775
11-Jun-15,17.805
12-Jun-15,17.4775
15-Jun-15,17.525
16-Jun-15,17.1675
17-Jun-15,16.7275
18-Jun-15,16.015
19-Jun-15,15.085
22-Jun-15,15.4875
23-Jun-15,15.0425
24-Jun-15,15.915
25-Jun-15,15.93
26-Jun-15,15.76
29-Jun-15,17.2975
30-Jun-15,16.9275
01-Jul-15,15.845
02-Jul-15,15.5575
03-Jul-15,16.305
06-Jul-15,16.0175
07-Jul-15,16.3075
08-Jul-15,17.79
09-Jul-15,17.4375
10-Jul-15,17.07
13-Jul-15,16.2725
14-Jul-15,16.01
15-Jul-15,15.5675
16-Jul-15,14.7825
17-Jul-15,14.8025
20-Jul-15,14.96
21-Jul-15,15.0975
22-Jul-15,15.13
23-Jul-15,15.52
24-Jul-15,15.4575
27-Jul-15,16.37
28-Jul-15,15.915
29-Jul-15,15.8775
30-Jul-15,15.325
31-Jul-15,14.57
03-Aug-15,15.39
04-Aug-15,14.83
05-Aug-15,14.665
06-Aug-15,14.73
07-Aug-15,14.91
10-Aug-15,15.465
11-Aug-15,15.8925
12-Aug-15,17.445
13-Aug-15,17.0175
14-Aug-15,16.02
17-Aug-15,16.4625
18-Aug-15,16.36
19-Aug-15,16.68
20-Aug-15,16.975
21-Aug-15,17.115
24-Aug-15,28.13
25-Aug-15,26.8475
26-Aug-15,25.515
27-Aug-15,22.0425
28-Aug-15,23.33
31-Aug-15,24.595
01-Sep-15,28.7175
02-Sep-15,26.65
03-Sep-15,24.115
04-Sep-15,26.4225
07-Sep-15,26.35
08-Sep-15,24.5675
09-Sep-15,24.3
10-Sep-15,24.745
11-Sep-15,24.975
14-Sep-15,24.32
15-Sep-15,23.7425
16-Sep-15,21.9975
18-Sep-15,18.2925
21-Sep-15,18.1775
22-Sep-15,20.345
23-Sep-15,20.6875
24-Sep-15,20.8825
28-Sep-15,21.6675
29-Sep-15,21.57
30-Sep-15,19.625
01-Oct-15,19.235
05-Oct-15,19.1275
06-Oct-15,19.305
07-Oct-15,19.3375
08-Oct-15,19.5625
09-Oct-15,18.925
12-Oct-15,19.1225
13-Oct-15,18.015
14-Oct-15,17.72
15-Oct-15,17.17
16-Oct-15,16.275
19-Oct-15,16.8775
20-Oct-15,16.995
21-Oct-15,16.6225
23-Oct-15,16.1925
26-Oct-15,17.23
27-Oct-15,16.535
28-Oct-15,17.04
29-Oct-15,17.5825
30-Oct-15,17.88
02-Nov-15,19.4775
03-Nov-15,19.555
04-Nov-15,19.355
05-Nov-15,19.2925
06-Nov-15,19.4725
09-Nov-15,17.04
10-Nov-15,16.825
11-Nov-15,16.905
13-Nov-15,17.6525
16-Nov-15,17.8775
17-Nov-15,16.9725
18-Nov-15,17.415
19-Nov-15,15.84
20-Nov-15,15.8975
23-Nov-15,17.075
24-Nov-15,16.245
26-Nov-15,16.6875
27-Nov-15,16.73
30-Nov-15,16.43
01-Dec-15,15.635
02-Dec-15,15.4875
03-Dec-15,16.055
04-Dec-15,16.085
07-Dec-15,15.865
08-Dec-15,15.9725
09-Dec-15,16.725
10-Dec-15,16.2925
11-Dec-15,17.1825
14-Dec-15,17.7975
15-Dec-15,17.3425
16-Dec-15,16.7275
17-Dec-15,14.215
18-Dec-15,14.4925
21-Dec-15,14.225
22-Dec-15,14.4825
23-Dec-15,13.6525
24-Dec-15,13.745
28-Dec-15,14.4025
29-Dec-15,14.235
30-Dec-15,14.35
31-Dec-15,13.87
06-Jan-16,16.5525
07-Jan-16,18.96
08-Jan-16,17.7975
11-Jan-16,18.69
12-Jan-16,18.7125
13-Jan-16,18.3525
14-Jan-16,18.605
15-Jan-16,19.415
18-Jan-16,20.225
19-Jan-16,18.43
20-Jan-16,20.965
21-Jan-16,20.8125
22-Jan-16,18.82
25-Jan-16,18.265
27-Jan-16,19.0575
28-Jan-16,17.9
29-Jan-16,17.24
01-Feb-16,17.89
02-Feb-16,18.035
03-Feb-16,18.5875
04-Feb-16,18.2075
05-Feb-16,18.115
08-Feb-16,20.2575
09-Feb-16,21.7275
10-Feb-16,22.465
11-Feb-16,25.965
12-Feb-16,24.6725
15-Feb-16,22.375
16-Feb-16,23.04
17-Feb-16,21.8325
18-Feb-16,21.485
19-Feb-16,20.915
22-Feb-16,21.02
23-Feb-16,23.8375
24-Feb-16,22.955
25-Feb-16,22.745
26-Feb-16,21.865
29-Feb-16,20.1575
01-Mar-16,18.6725
02-Mar-16,18.99
03-Mar-16,18.04
04-Mar-16,17.8825
08-Mar-16,18.465
09-Mar-16,17.505
10-Mar-16,17.895
11-Mar-16,17.0975
14-Mar-16,17.1025
15-Mar-16,17.5975
16-Mar-16,17.115
17-Mar-16,16.84
18-Mar-16,16.3825
21-Mar-16,16.3325
22-Mar-16,16.43
23-Mar-16,16.345
28-Mar-16,17.485
29-Mar-16,17.6375
30-Mar-16,16.8075
31-Mar-16,16.5825
01-Apr-16,17.2775
04-Apr-16,17.45
05-Apr-16,17.83
06-Apr-16,17.345
07-Apr-16,16.935
08-Apr-16,16.4325
11-Apr-16,16.0125
12-Apr-16,16.025
13-Apr-16,16.035
18-Apr-16,16.9475
20-Apr-16,17.075
21-Apr-16,16.5125
22-Apr-16,16.38
25-Apr-16,16.5725
26-Apr-16,16.58
27-Apr-16,16.3525
28-Apr-16,16.5975
29-Apr-16,16.5375
02-May-16,17.0925
03-May-16,17.4625
04-May-16,17.445
05-May-16,17.17
06-May-16,16.9475
09-May-16,16.6125
10-May-16,16.415
11-May-16,16.9625
12-May-16,16.3275
13-May-16,16.9975
16-May-16,17.0325
17-May-16,16.3725
18-May-16,16.455
19-May-16,17.0625
20-May-16,16.425
23-May-16,16.16
24-May-16,16.22
25-May-16,15.52
26-May-16,15.325
27-May-16,15.26
30-May-16,15.975
31-May-16,16.045
01-Jun-16,15.835
02-Jun-16,15.0875
03-Jun-16,14.995
06-Jun-16,15.355
07-Jun-16,14.87
08-Jun-16,15.1425
09-Jun-16,15.6725
10-Jun-16,15.97
13-Jun-16,16.5825
14-Jun-16,17.19
15-Jun-16,17.055
16-Jun-16,17.6975
17-Jun-16,17.35
20-Jun-16,17.5175
21-Jun-16,17.26
22-Jun-16,18.185
23-Jun-16,18.02
24-Jun-16,18.6275
27-Jun-16,18.53
28-Jun-16,17.725
29-Jun-16,16.155
30-Jun-16,16.29
01-Jul-16,15.7375
04-Jul-16,15.5775
05-Jul-16,15.3625
07-Jul-16,15.3075
08-Jul-16,15.0825
11-Jul-16,14.8475
12-Jul-16,14.7825
13-Jul-16,15.325
14-Jul-16,15.61
15-Jul-16,15.6375
18-Jul-16,15.9875
19-Jul-16,15.795
20-Jul-16,15.99
21-Jul-16,15.7125
22-Jul-16,15.4975
25-Jul-16,15.7175
26-Jul-16,15.62
27-Jul-16,15.4275
28-Jul-16,15.1475
29-Jul-16,14.9175
01-Aug-16,15.18
02-Aug-16,15.6925
03-Aug-16,16.2375
04-Aug-16,15.14
05-Aug-16,14.3525
08-Aug-16,14.5875
09-Aug-16,14.5375
10-Aug-16,14.9225
11-Aug-16,14.2125
12-Aug-16,13.77
16-Aug-16,14.1825
17-Aug-16,14.78
18-Aug-16,14.55
19-Aug-16,14.5375
22-Aug-16,14.235
23-Aug-16,13.8975
24-Aug-16,13.4875
25-Aug-16,13.285
26-Aug-16,13.57
29-Aug-16,13.165
30-Aug-16,13.02
31-Aug-16,13.2425
01-Sep-16,13.34
02-Sep-16,12.94
06-Sep-16,12.75
07-Sep-16,13.145
08-Sep-16,13.115
09-Sep-16,13.23
12-Sep-16,15.24
14-Sep-16,14.7625
15-Sep-16,14.6775
16-Sep-16,14.58
19-Sep-16,14.94
20-Sep-16,14.78
21-Sep-16,14.805
22-Sep-16,13.34
23-Sep-16,13.2475
26-Sep-16,14.565
27-Sep-16,14.25
28-Sep-16,13.8475
29-Sep-16,18.45
30-Sep-16,17.18
03-Oct-16,15.62
04-Oct-16,14.9925
05-Oct-16,14.925
06-Oct-16,14.835
07-Oct-16,14.485
10-Oct-16,14.285
13-Oct-16,15.425
14-Oct-16,14.8875
17-Oct-16,15.655
18-Oct-16,14.5375
19-Oct-16,14.6125
20-Oct-16,14.165
21-Oct-16,13.83
24-Oct-16,14.3325
25-Oct-16,14.4825
26-Oct-16,14.4525
27-Oct-16,14.085
28-Oct-16,14.6525
30-Oct-16,15.49
01-Nov-16,15.735
02-Nov-16,16.7975
03-Nov-16,16.465
04-Nov-16,16.8475
07-Nov-16,16.5075
08-Nov-16,16.77
09-Nov-16,16.62
10-Nov-16,15.4575
11-Nov-16,17.365
15-Nov-16,20.145
16-Nov-16,19.5025
17-Nov-16,18.71
18-Nov-16,17.805
21-Nov-16,19.0975
22-Nov-16,18.465
23-Nov-16,18.04
24-Nov-16,17.16
25-Nov-16,17.6125
28-Nov-16,18.055
29-Nov-16,17.7075
30-Nov-16,16.85
01-Dec-16,16.6875
02-Dec-16,17.9325
05-Dec-16,17.2875
06-Dec-16,17.105
07-Dec-16,16.845
08-Dec-16,15.525
09-Dec-16,15.0675
12-Dec-16,16.1925
13-Dec-16,15.9225
14-Dec-16,16.5925
15-Dec-16,15.655
16-Dec-16,15.2525
19-Dec-16,14.8375
20-Dec-16,14.5375
21-Dec-16,14.705
22-Dec-16,15.5525
23-Dec-16,15.1275
26-Dec-16,16.6025
27-Dec-16,15.0825
28-Dec-16,15.5425
29-Dec-16,15.2825
30-Dec-16,15.465
,
,
,
,
,
